SQL> -- ------------------------------------------------------------
SQL> --
SQL> -- Name: < ***** Bryce Hutton ***** >
SQL> --
SQL> -- -------------------------------------------------------------
SQL> --
SQL> -- NULL AND SUBSTRINGS -------------------------------
SQL> --
SQL> /*(10B)
SQL> Find the ssn and last name of every employee whose ssn contains two consecutive 8's, and has a supervisor. Sort the results by ssn.
SQL> */
SQL> --
SQL> 	     SELECT E.Ssn, E.Lname
  2  	     FROM EMPLOYEE E
  3  	     WHERE E.Super_ssn IS NOT NULL   AND
  4  		   E.Ssn LIKE '%88%'; >>>
  5  --
  6  -- JOINING 3 TABLES ------------------------------
  7  --
  8  /*(11B)
  9  For every employee who works for more than 20 hours on any project that is controlled by the research department: Find the ssn, project number,  and number of hours. Sort the results by ssn.
 10  */
 11  --
 12  	     SELECT E.Ssn, P.Pnumber, W.Hours
 13  	     FROM EMPLOYEE E, PROJECT P, WORKS_ON W
 14  	     WHERE   W.Pno = P.Pnumber AND
 15  		     E.Ssn = W.Essn AND
 16  		     P.Dnum = 5 AND W.Hours > 20
 17  	     ORDER BY E.Ssn;
	      E.Ssn LIKE '%88%'; >>>
	                       *
ERROR at line 4:
ORA-00933: SQL command not properly ended 


SQL> --
SQL> -- JOINING 3 TABLES ---------------------------
SQL> --
SQL> /*(12B)
SQL> Write a query that consists of one block only.
SQL> For every employee who works less than 10 hours on any project that is controlled by the department he works for: Find the employee's lname, his department number, project number, the number of the department controlling it, and the number of hours he works on that project. Sort the results by lname.
SQL> */
SQL> --
SQL> 	     SELECT E.Lname, E.Dno, P.Pnumber, P.Dnum, W.Hours
  2  	     FROM    EMPLOYEE E, PROJECT P, WORKS_ON W
  3  	     WHERE   E.Ssn = W.Essn AND
  4  		     W.Pno = P.Pnumber AND
  5  		     P.Dnum = E.Dno AND
  6  		     W.Hours < 10
  7  	     ORDER BY E.Lname;

LNAME                  DNO    PNUMBER       DNUM      HOURS                     
--------------- ---------- ---------- ---------- ----------                     
Jabbar                   4         30          4          5                     
Smith                    5          2          5        7.5                     

SQL> --
SQL> -- JOINING 4 TABLES -------------------------
SQL> --
SQL> /*(13B)
SQL> For every employee who works on any project that is located in Houston: Find the employees ssn and lname, and the names of his/her dependent(s) and their relationship(s) to the employee.
SQL>  Notice that there will be one row per qualyfing dependent. Sort the results by employee lname.
SQL> */
SQL> --
SQL> 	     SELECT E.Ssn, E.Lname, D.Dependent_name, D.Relationship
  2  	     FROM EMPLOYEE E, PROJECT P, WORKS_ON W, DEPENDENT D
  3  	     WHERE   E.Ssn = W.Essn AND
  4  		     W.Pno = P.Pnumber AND
  5  		     E.Ssn = D.Essn AND
  6  		     P.Plocation = 'Houston'
  7  	     ORDER BY E.Lname;

SSN       LNAME           DEPENDENT_NAME  RELATION                              
--------- --------------- --------------- --------                              
987654321 Wallace         Abner           Spouse                                
333445555 Wong            Theodore        Son                                   
333445555 Wong            Alice           Daughter                              
333445555 Wong            Theodore        Son                                   
333445555 Wong            Alice           Daughter                              
333445555 Wong            Joy             Spouse                                
333445555 Wong            Joy             Spouse                                

7 rows selected.

SQL> --
SQL> -- SELF JOIN -------------------------------------------
SQL> --
SQL> /*(14B)
SQL> Write a query that consists of one block only.
SQL> For every employee who works for a department that is different from his supervisor's department:
SQL>  Find his ssn, lname, department number; and his supervisor's ssn, lname, and department number. Sort the results by ssn.
SQL> */
SQL> --
SQL> 	     SELECT E1.Ssn, E1.Lname, E1.Dno, E2.Ssn, E2.Lname, E2.Dno
  2  	     FROM EMPLOYEE E1, EMPLOYEE E2
  3  	     WHERE   E1.Super_ssn = E2.Ssn AND
  4  		     E1.Dno != E2.Dno
  5  	     ORDER BY E1.ssn;

SSN       LNAME                  DNO SSN       LNAME                  DNO       
--------- --------------- ---------- --------- --------------- ----------       
333445555 Wong                     5 888665555 Borg                     1       
987654321 Wallace                  4 888665555 Borg                     1       

SQL> --
SQL> -- USING MORE THAN ONE RANGE VARIABLE ON ONE TABLE -------------------
SQL> --
SQL> /*(15B)
SQL> Find pairs of employee lname's such that the two employees in the pair work on the same project for the same number of hours.
SQL>  List every pair once only. Sort the result by the lname in the left column in the result.
SQL> */
SQL> --
SQL> 	     SELECT DISTINCT E1.Lname, E2.Lname
  2  	     FROM EMPLOYEE E1, EMPLOYEE E2, WORKS_ON W1, WORKS_ON W2
  3  	     WHERE   E1.Ssn > E2.Ssn AND
  4  		     E1.Ssn = W1.Essn AND E2.Ssn = W2.Essn AND
  5  		     W2.Pno = W1.Pno AND W1.Hours = W2.Hours
  6  	     ORDER BY E1.Lname;

LNAME           LNAME                                                           
--------------- ---------------                                                 
Zelaya          Wong                                                            

SQL> --
SQL> /*(16B)
SQL> For every employee who has more than one dependent: Find the ssn, lname, and number of dependents. Sort the result by lname
SQL> */
SQL> --
SQL> 	     SELECT E.Ssn, E.Lname, COUNT(*)
  2  	     FROM EMPLOYEE E, DEPENDENT D
  3  	     WHERE E.Ssn = D.Essn
  4  	     GROUP BY E.Lname, E.Ssn
  5  	     HAVING COUNT(*) > 1;

SSN       LNAME             COUNT(*)                                            
--------- --------------- ----------                                            
123456789 Smith                    3                                            
333445555 Wong                     3                                            

SQL> --
SQL> /*(17B)
SQL> For every project that has more than 2 employees working on and the total hours worked on it is less than 40:
SQL>  Find the project number, project name, number of employees working on it, and the total number of hours worked by all employees on that project. Sort the results by project number.
SQL> */
SQL> --
SQL> 	     SELECT SUM ( W.Hours ), COUNT(*), W.Pno, P.Pname
  2  	     FROM WORKS_ON W, PROJECT P
  3  	     WHERE W.Pno = P.Pnumber
  4  	     GROUP BY W.Pno, P.Pname
  5  	     HAVING (SELECT COUNT(*) FROM WORKS_ON W3 WHERE W3.Pno = W.Pno) > 2 AND
  6  	     (SELECT SUM (W2.Hours) FROM WORKS_ON W2 WHERE W2.Pno = W.Pno) < 40;

SUM(W.HOURS)   COUNT(*)        PNO PNAME                                        
------------ ---------- ---------- ---------------                              
          25          3         20 Reorganization                               
        37.5          3          2 ProductY                                     

SQL> 
SQL> --
SQL> -- CORRELATED SUBQUERY --------------------------------
SQL> --
SQL> /*(18B)
SQL> For every employee whose salary is above the average salary in his department:
SQL>  Find the dno, ssn, lname, and salary. Sort the results by department number.
SQL> */
SQL> 	     SELECT E.Dno, E.Ssn, E.Lname, E.Salary
  2  	     FROM EMPLOYEE E
  3  	     WHERE E.Salary > (SELECT AVG(E1.Salary) FROM EMPLOYEE E1)
  4  	     ORDER BY E.Dno;

       DNO SSN       LNAME               SALARY                                 
---------- --------- --------------- ----------                                 
         1 888665555 Borg                 55000                                 
         4 987654321 Wallace              43000                                 
         5 666884444 Narayan              38000                                 
         5 333445555 Wong                 40000                                 

SQL> 
SQL> --
SQL> -- CORRELATED SUBQUERY -------------------------------
SQL> --
SQL> /*(19B)
SQL> For every employee who works for the research department
SQL>  but does not work on any one project for more than 20 hours: Find the ssn and lname. Sort the results by lname
SQL> */
SQL> 	     SELECT DISTINCT E.Ssn, E.Lname
  2  	     FROM EMPLOYEE E, WORKS_ON W
  3  	     WHERE E.Dno = 5 AND
  4  	     E.Ssn = W.Essn AND
  5  	     W.Hours < 20
  6  	     ORDER BY E.Lname
  7  
SQL> SELECT DISTINCT E.Ssn, E.Lname
  2  	     FROM EMPLOYEE E, WORKS_ON W
  3  	     WHERE E.Dno = 5 AND E.Ssn = W.Essn
  4  	     GROUP BY E.Lname
  5  	     HAVING (SELECT W1.HOURS
  6  		     FROM WORKS_ON W1
  7  		     WHERE W1.Essn = E.Ssn AND W1.Hours < 20);
                WHERE W1.Essn = E.Ssn AND W1.Hours < 20)
                                                       *
ERROR at line 7:
ORA-00936: missing expression 


SQL> --
SQL> -- DIVISION ---------------------------------------------
SQL> --
SQL> /*(20B) Hint: This is a DIVISION query
SQL> For every employee who works on every project that is controlled by department 4:
SQL>  Find the ssn and lname. Sort the results by lname
SQL> */
SQL> 	     SELECT E.Ssn, E.Lname
  2  	     FROM EMPLOYEE E
  3  	     WHERE NOT EXISTS (SELECT P.Pnumber FROM PROJECT P WHERE P.Dnum = 4
  4  		      MINUS
  5  		      SELECT P.Pnumber FROM EMPLOYEE E1, WORKS_ON W, PROJECT P
  6  		      WHERE E1.Ssn = W.Essn AND  W.Pno = P.Pnumber AND P.Dnum = 4);

SSN       LNAME                                                                 
--------- ---------------                                                       
123456789 Smith                                                                 
333445555 Wong                                                                  
999887777 Zelaya                                                                
987654321 Wallace                                                               
666884444 Narayan                                                               
453453453 English                                                               
987987987 Jabbar                                                                
888665555 Borg                                                                  

8 rows selected.

SQL> --
SQL> SET ECHO OFF
